{"MSE": 2.457590239202703, "_timestamp": 1686023665.8253167, "_runtime": 5.293952703475952, "_step": 0, "_wandb": {"runtime": 4}}