{"MSE": 2.463981173864427, "_timestamp": 1686023733.0474093, "_runtime": 4.969579219818115, "_step": 0, "_wandb": {"runtime": 4}}