{"MSE": 2.453983836538874, "_timestamp": 1686022992.4709187, "_runtime": 17.613786697387695, "_step": 0, "_wandb": {"runtime": 17}}