{"MSE": 2.448631060441275, "_timestamp": 1686023688.4539292, "_runtime": 11.491108179092407, "_step": 0, "_wandb": {"runtime": 11}}