{"MSE": 2.453983836538874, "_timestamp": 1686023073.6268735, "_runtime": 19.3238205909729, "_step": 0, "_wandb": {"runtime": 19}}