{"MSE": 2.447983145822199, "_timestamp": 1686023713.654657, "_runtime": 11.529212951660156, "_step": 0, "_wandb": {"runtime": 11}}