{"MSE": 2.452532059925235, "_timestamp": 1686023752.9778318, "_runtime": 9.265208959579468, "_step": 0, "_wandb": {"runtime": 8}}