{"MSE": 2.453983836538874, "_timestamp": 1686022936.526883, "_runtime": 21.373464822769165, "_step": 0, "_wandb": {"runtime": 20}}